anno_imposta,comune,codice_comune,regione,numero_contribuenti,reddito_imponibile_medio_per_contribuente_eur,addizionale_comunale_media_per_contribuente_eur,rank_regionale_reddito_imponibile,rank_nazionale_reddito_imponibile
2019,ABBIATEGRASSO,015002,Lombardia,23312.0,22873.043153740564,164.71795641729582,39,199
2019,BUCCINASCO,015036,Lombardia,19806.0,27667.29051802484,157.54801575280217,37,194
2019,CORSICO,015093,Lombardia,26022.0,21167.789601106757,109.80612558604258,36,192
2019,MAGENTA,015130,Lombardia,17852.0,23724.196784673986,177.21622227201433,50,280
2019,ROZZANO,015189,Lombardia,29430.0,20853.434250764527,153.0757390417941,33,168
2019,VIGEVANO,018177,Lombardia,45195.0,21031.088549618322,152.9083748202235,13,79
2020,ABBIATEGRASSO,015002,Lombardia,23199.0,22502.90922022501,161.04991594465278,39,201
2020,BUCCINASCO,015036,Lombardia,19657.0,27042.631683369793,195.1531261128351,38,196
2020,CORSICO,015093,Lombardia,25564.0,20830.476451259583,107.25289469566577,37,195
2020,MAGENTA,015130,Lombardia,17803.0,24147.959108015504,179.961354827838,50,265
2020,ROZZANO,015189,Lombardia,29044.0,20393.67797135381,148.95279575816002,34,174
2020,VIGEVANO,018177,Lombardia,44802.0,20344.976719789294,147.11847685371188,13,82
2021,ABBIATEGRASSO,015002,Lombardia,23297.0,23519.062368545307,170.07018070996264,39,206
2021,BUCCINASCO,015036,Lombardia,19788.0,28449.411309884777,207.74919142914896,37,194
2021,CORSICO,015093,Lombardia,25584.0,21426.911976235147,111.91619762351469,38,205
2021,MAGENTA,015130,Lombardia,17921.0,25670.80073656604,192.75843981920653,49,261
2021,ROZZANO,015189,Lombardia,29141.0,21148.027349782093,155.61967674410624,35,176
2021,VIGEVANO,018177,Lombardia,44711.0,21551.775044172577,157.2120954574937,13,82
2022,ABBIATEGRASSO,015002,Lombardia,23619.0,24487.834667005376,178.4343113594987,39,207
2022,BUCCINASCO,015036,Lombardia,20041.0,29965.242752357666,220.99266503667482,37,196
2022,CORSICO,015093,Lombardia,25929.0,22235.249797524008,161.98399475490763,41,212
2022,MAGENTA,015130,Lombardia,18270.0,26678.672468527642,200.8430213464696,49,260
2022,ROZZANO,015189,Lombardia,29496.0,22098.82241659886,163.342792243016,35,177
2022,VIGEVANO,018177,Lombardia,45186.0,22546.532974815207,165.6682600805559,13,83
2023,ABBIATEGRASSO,015002,Lombardia,23923.0,25401.99218325461,185.5939472474188,41,214
2023,BUCCINASCO,015036,Lombardia,20178.0,30433.277232629596,226.4049955396967,39,210
2023,CORSICO,015093,Lombardia,26345.0,23313.797115202127,171.87405579806415,38,209
2023,MAGENTA,015130,Lombardia,18649.0,27126.83291329294,205.9262695050673,50,268
2023,ROZZANO,015189,Lombardia,30042.0,23208.56870381466,173.52902603022434,35,174
2023,VIGEVANO,018177,Lombardia,45785.0,23385.88893742492,173.70940264278693,13,84
